{"stats":{"minecraft:mined":{"minecraft:oak_log":7,"minecraft:peony":1,"minecraft:crafting_table":1},"minecraft:crafted":{"minecraft:oak_planks":36,"minecraft:crafting_table":1,"minecraft:stick":4,"minecraft:wooden_axe":1},"minecraft:picked_up":{"minecraft:crafting_table":1,"minecraft:peony":1,"minecraft:oak_log":9},"minecraft:used":{"minecraft:wooden_axe":13,"minecraft:crafting_table":1,"minecraft:oak_planks":27},"minecraft:custom":{"minecraft:time_since_rest":4665,"minecraft:crouch_one_cm":2735,"minecraft:play_time":4665,"minecraft:sprint_one_cm":9422,"minecraft:damage_taken":204,"minecraft:walk_one_cm":9358,"minecraft:sneak_time":663,"minecraft:walk_under_water_one_cm":730,"minecraft:jump":101,"minecraft:damage_dealt":621,"minecraft:leave_game":1,"minecraft:walk_on_water_one_cm":1849,"minecraft:time_since_death":4665,"minecraft:total_world_time":4665,"minecraft:swim_one_cm":2255,"minecraft:interact_with_crafting_table":1,"minecraft:fall_one_cm":1513,"minecraft:fly_one_cm":9117,"minecraft:player_kills":3}},"DataVersion":3465}