{"stats":{"minecraft:mined":{"minecraft:grass":2,"minecraft:red_tulip":6,"minecraft:grass_block":9,"minecraft:oak_log":6,"minecraft:dirt":3,"minecraft:stone":3,"minecraft:oak_planks":1,"minecraft:oak_leaves":3,"minecraft:azure_bluet":2},"minecraft:crafted":{"minecraft:oak_planks":16,"minecraft:stone_axe":1,"minecraft:crafting_table":1,"minecraft:stick":4,"minecraft:wooden_pickaxe":1},"minecraft:picked_up":{"minecraft:azure_bluet":2,"minecraft:red_tulip":6,"minecraft:oak_log":6,"minecraft:oak_planks":1,"minecraft:dirt":12,"minecraft:cobblestone":3},"minecraft:used":{"minecraft:dirt":8,"minecraft:crafting_table":1,"minecraft:oak_planks":5,"minecraft:wooden_pickaxe":3,"minecraft:azure_bluet":2},"minecraft:killed_by":{"minecraft:player":3},"minecraft:custom":{"minecraft:time_since_rest":2582,"minecraft:walk_one_cm":18047,"minecraft:crouch_one_cm":216,"minecraft:play_time":6788,"minecraft:sprint_one_cm":31040,"minecraft:damage_taken":819,"minecraft:deaths":3,"minecraft:sneak_time":60,"minecraft:walk_under_water_one_cm":980,"minecraft:mob_kills":1,"minecraft:jump":143,"minecraft:leave_game":1,"minecraft:damage_dealt":224,"minecraft:time_since_death":2557,"minecraft:walk_on_water_one_cm":2268,"minecraft:total_world_time":6788,"minecraft:interact_with_crafting_table":2,"minecraft:swim_one_cm":2191,"minecraft:fall_one_cm":4275,"minecraft:fly_one_cm":24007}},"DataVersion":3465}